n 	mqtt	invid   	unit_guid                           	
1 	    	G-044322	01749246-95f6-57db-b7c3-2ae0e8be671f	
2 	    	G-044322	01749246-95f6-57db-b7c3-2ae0e8be671f	
3 	    	G-044322	01749246-95f6-57db-b7c3-2ae0e8be671f	
4 	    	G-044322	01749246-95f6-57db-b7c3-2ae0e8be671f	
5 	    	G-044325	01749246-9617-585e-9e19-157ccad61ee2	
6 	    	G-044325	01749246-9617-585e-9e19-157ccad61ee2	
7 	    	G-044325	01749246-9617-585e-9e19-157ccad61ee2	
8 	    	G-044325	01749246-9617-585e-9e19-157ccad61ee2	
9 	    	G-044324	01749246-960c-5832-b2aa-ed2b4da5e137	
10	    	G-044324	01749246-960c-5832-b2aa-ed2b4da5e137	
11	    	G-044324	01749246-960c-5832-b2aa-ed2b4da5e137	
12	    	G-044324	01749246-960c-5832-b2aa-ed2b4da5e137	
13	    	G-044324	01749246-960c-5832-b2aa-ed2b4da5e137	
14	    	G-044324	01749246-960c-5832-b2aa-ed2b4da5e137	
15	    	G-044324	01749246-960c-5832-b2aa-ed2b4da5e137	
16	    	G-044322	01749246-95f6-57db-b7c3-2ae0e8be671f				
16	    	G-044322	01749246-95f6-57db-b7c3-2ae0e8be671f					
16	    	G-044322	01749246-95f6-57db-b7c3-2ae0e8be671f				
1 	    	G-044322	01749246-95f6-57db-b7c3-2ae0e8be671f	
2 	    	G-044322	01749246-95f6-57db-b7c3-2ae0e8be671f	
3 	    	G-044322	01749246-95f6-57db-b7c3-2ae0e8be671f	
4 	    	G-044322	01749246-95f6-57db-b7c3-2ae0e8be671f	
5 	    	G-044325	01749246-9617-585e-9e19-157ccad61ee2	
6 	    	G-044325	01749246-9617-585e-9e19-157ccad61ee2	
7 	    	G-044325	01749246-9617-585e-9e19-157ccad61ee2	
8 	    	G-044325	01749246-9617-585e-9e19-157ccad61ee2	
9 	    	G-044324	01749246-960c-5832-b2aa-ed2b4da5e137	
10	    	G-044324	01749246-960c-5832-b2aa-ed2b4da5e137	
11	    	G-044324	01749246-960c-5832-b2aa-ed2b4da5e137	
12	    	G-044324	01749246-960c-5832-b2aa-ed2b4da5e137	
13	    	G-044324	01749246-960c-5832-b2aa-ed2b4da5e137	
14	    	G-044324	01749246-960c-5832-b2aa-ed2b4da5e137	
15	    	G-044324	01749246-960c-5832-b2aa-ed2b4da5e137	
16	    	G-044322	01749246-95f6-57db-b7c3-2ae0e8be671f				
16	    	G-044322	01749246-95f6-57db-b7c3-2ae0e8be671f					
16	    	G-044322	01749246-95f6-57db-b7c3-2ae0e8be671f				
1 	    	G-044322	01749246-95f6-57db-b7c3-2ae0e8be671f	
2 	    	G-044322	01749246-95f6-57db-b7c3-2ae0e8be671f	
3 	    	G-044322	01749246-95f6-57db-b7c3-2ae0e8be671f	
4 	    	G-044322	01749246-95f6-57db-b7c3-2ae0e8be671f	
5 	    	G-044325	01749246-9617-585e-9e19-157ccad61ee2	
6 	    	G-044325	01749246-9617-585e-9e19-157ccad61ee2	
7 	    	G-044325	01749246-9617-585e-9e19-157ccad61ee2	
8 	    	G-044325	01749246-9617-585e-9e19-157ccad61ee2	
9 	    	G-044324	01749246-960c-5832-b2aa-ed2b4da5e137	
10	    	G-044324	01749246-960c-5832-b2aa-ed2b4da5e137	
11	    	G-044324	01749246-960c-5832-b2aa-ed2b4da5e137	
12	    	G-044324	01749246-960c-5832-b2aa-ed2b4da5e137	
13	    	G-044324	01749246-960c-5832-b2aa-ed2b4da5e137	
14	    	G-044324	01749246-960c-5832-b2aa-ed2b4da5e137	
15	    	G-044324	01749246-960c-5832-b2aa-ed2b4da5e137	
16	    	G-044322	01749246-95f6-57db-b7c3-2ae0e8be671f				
16	    	G-044322	01749246-95f6-57db-b7c3-2ae0e8be671f					
16	    	G-044322	01749246-95f6-57db-b7c3-2ae0e8be671f				